TF-Pair	Correlation	P-Value
MXI1:NFATC1	0.16863949	0.000707851
NFATC1:MXI1	0.16863949	0.000707851
IKZF1:EGR1	0.168360203	0.000722672
EGR1:IKZF1	0.168360203	0.000722672
BATF:YY1	0.165536167	0.000889533
YY1:BATF	0.165536167	0.000889533
ZEB1:ZNF143	0.165040585	0.00092225
ZNF143:ZEB1	0.165040585	0.00092225
TCF12:USF2	0.162216075	0.001130902
USF2:TCF12	0.162216075	0.001130902
NFATC1:USF1	0.161186033	0.001217242
USF1:NFATC1	0.161186033	0.001217242
RELA:NFIC	0.129042644	0.009777894
NFIC:RELA	0.129042644	0.009777894
BCL3:YY1	0.117920619	0.018311
YY1:BCL3	0.117920619	0.018311
RUNX3:PAX5	0.11637472	0.019905413
PAX5:RUNX3	0.11637472	0.019905413
MXI1:NFIC	0.108440989	0.030125934
NFIC:MXI1	0.108440989	0.030125934
MEF2A:EGR1	0.104709817	0.036313436
EGR1:MEF2A	0.104709817	0.036313436
IKZF1:PAX5	0.098275627	0.049516376
PAX5:IKZF1	0.098275627	0.049516376
ELF1:REST	0.098178355	0.049743303
REST:ELF1	0.098178355	0.049743303
MXI1:PAX5	0.096434868	0.0539603
PAX5:MXI1	0.096434868	0.0539603
EBF1:SIN3A	0.094805655	0.058165545
SIN3A:EBF1	0.094805655	0.058165545
USF2:USF1	0.089210942	0.074718243
USF1:USF2	0.089210942	0.074718243
RELA:TCF12	0.087939423	0.078970833
TCF12:RELA	0.087939423	0.078970833
SPI1:ZNF143	0.087646333	0.079978381
ZNF143:SPI1	0.087646333	0.079978381
RELA:RUNX3	0.081678409	0.102851848
RUNX3:RELA	0.081678409	0.102851848
MEF2A:SIN3A	0.079920125	0.11049906
SIN3A:MEF2A	0.079920125	0.11049906
MAX:RELA	0.079746679	0.111277044
RELA:MAX	0.079746679	0.111277044
NFIC:USF1	0.078467466	0.117148654
USF1:NFIC	0.078467466	0.117148654
IKZF1:EBF1	0.077960936	0.119539539
EBF1:IKZF1	0.077960936	0.119539539
BHLHE40:RELA	0.077156067	0.123416743
RELA:BHLHE40	0.077156067	0.123416743
MEF2A:MAX	0.076630404	0.126001302
MAX:MEF2A	0.076630404	0.126001302
RUNX3:NFATC1	0.074543957	0.136675816
NFATC1:RUNX3	0.074543957	0.136675816
MEF2A:NFIC	0.074048824	0.139308236
NFIC:MEF2A	0.074048824	0.139308236
BCL3:BATF	0.072639547	0.147013704
BATF:BCL3	0.072639547	0.147013704
RELA:ZNF143	0.070933292	0.156772489
ZNF143:RELA	0.070933292	0.156772489
NFYB:NFIC	0.069913719	0.16283297
NFIC:NFYB	0.069913719	0.16283297
PAX5:NFATC1	0.069516158	0.165243248
NFATC1:PAX5	0.069516158	0.165243248
BCL3:EBF1	0.068767722	0.169853189
EBF1:BCL3	0.068767722	0.169853189
RELA:USF2	0.067397029	0.178543802
USF2:RELA	0.067397029	0.178543802
MAX:ZNF143	0.065381894	0.191912517
ZNF143:MAX	0.065381894	0.191912517
MEF2A:USF2	0.062966955	0.208882102
USF2:MEF2A	0.062966955	0.208882102
ELF1:BHLHE40	0.062529668	0.212067284
BHLHE40:ELF1	0.062529668	0.212067284
REST:TCF3	0.0610858	0.222832306
TCF3:REST	0.0610858	0.222832306
BATF:ZEB1	0.060587426	0.226636974
ZEB1:BATF	0.060587426	0.226636974
RELA:PAX5	0.058922696	0.239679709
PAX5:RELA	0.058922696	0.239679709
SIN3A:ZNF143	0.058163345	0.24580086
ZNF143:SIN3A	0.058163345	0.24580086
NFIC:USF2	0.055469281	0.268395081
USF2:NFIC	0.055469281	0.268395081
EGR1:SIN3A	0.054429485	0.277484239
SIN3A:EGR1	0.054429485	0.277484239
RELA:USF1	0.053368288	0.286973506
USF1:RELA	0.053368288	0.286973506
MXI1:ZNF143	0.053324848	0.287366541
ZNF143:MXI1	0.053324848	0.287366541
IKZF1:SIN3A	0.052673492	0.293303287
SIN3A:IKZF1	0.052673492	0.293303287
PAX5:ZEB1	0.051296312	0.306123736
ZEB1:PAX5	0.051296312	0.306123736
MAX:ZEB1	0.050333277	0.315305465
ZEB1:MAX	0.050333277	0.315305465
TCF12:SPI1	0.049633391	0.322090226
SPI1:TCF12	0.049633391	0.322090226
MAX:YY1	0.0488026	0.330266285
YY1:MAX	0.0488026	0.330266285
NFIC:ZEB1	0.047821977	0.340087555
ZEB1:NFIC	0.047821977	0.340087555
SIN3A:PAX5	0.047420568	0.34416105
PAX5:SIN3A	0.047420568	0.34416105
TCF12:USF1	0.046613975	0.352439704
USF1:TCF12	0.046613975	0.352439704
BATF:RELA	0.0455867	0.363163534
RELA:BATF	0.0455867	0.363163534
BCL3:RUNX3	0.045256904	0.366649
RUNX3:BCL3	0.045256904	0.366649
NFIC:ZNF143	0.043886481	0.381353802
ZNF143:NFIC	0.043886481	0.381353802
MAX:PAX5	0.042426679	0.397408168
PAX5:MAX	0.042426679	0.397408168
ELF1:SIN3A	0.04217024	0.400269742
SIN3A:ELF1	0.04217024	0.400269742
MAX:REST	0.041366084	0.409322889
REST:MAX	0.041366084	0.409322889
EGR1:NFYB	0.040142851	0.423324299
NFYB:EGR1	0.040142851	0.423324299
ELF1:TCF3	0.039321265	0.432883148
TCF3:ELF1	0.039321265	0.432883148
BATF:USF2	0.039307158	0.433048351
USF2:BATF	0.039307158	0.433048351
BATF:RUNX3	0.037808083	0.450810253
RUNX3:BATF	0.037808083	0.450810253
TCF12:NFIC	0.037718348	0.451886363
NFIC:TCF12	0.037718348	0.451886363
MAX:TCF12	0.037226692	0.457807944
TCF12:MAX	0.037226692	0.457807944
REST:YY1	0.034042456	0.497191595
YY1:REST	0.034042456	0.497191595
MXI1:TCF12	0.033954621	0.498302873
TCF12:MXI1	0.033954621	0.498302873
BHLHE40:NFYB	0.033430554	0.504960555
NFYB:BHLHE40	0.033430554	0.504960555
BCL3:MAX	0.032967958	0.5108759
MAX:BCL3	0.032967958	0.5108759
ZNF143:YY1	0.031935077	0.52421266
YY1:ZNF143	0.031935077	0.52421266
EBF1:ZEB1	0.031861908	0.525164139
ZEB1:EBF1	0.031861908	0.525164139
MXI1:USF1	0.031549163	0.529240888
USF1:MXI1	0.031549163	0.529240888
PAX5:USF2	0.031431113	0.53078387
USF2:PAX5	0.031431113	0.53078387
BATF:MAX	0.031089599	0.53526044
MAX:BATF	0.031089599	0.53526044
BCL3:TCF3	0.030567267	0.542143652
TCF3:BCL3	0.030567267	0.542143652
ELF1:NFYB	0.030018482	0.549422512
NFYB:ELF1	0.030018482	0.549422512
EBF1:ELF1	0.029441998	0.557120106
ELF1:EBF1	0.029441998	0.557120106
RUNX3:USF1	0.029365798	0.558141486
USF1:RUNX3	0.029365798	0.558141486
PAX5:USF1	0.029339861	0.558489347
USF1:PAX5	0.029339861	0.558489347
IKZF1:TCF3	0.029241762	0.55980599
TCF3:IKZF1	0.029241762	0.55980599
BCL3:SIN3A	0.028595299	0.5685198
SIN3A:BCL3	0.028595299	0.5685198
EGR1:USF2	0.028546752	0.569176769
USF2:EGR1	0.028546752	0.569176769
ELF1:ZEB1	0.028214407	0.573683991
ZEB1:ELF1	0.028214407	0.573683991
TCF12:YY1	0.027472223	0.583809744
YY1:TCF12	0.027472223	0.583809744
USF2:YY1	0.026456438	0.597801149
YY1:USF2	0.026456438	0.597801149
EBF1:EGR1	0.025976153	0.604468996
EGR1:EBF1	0.025976153	0.604468996
EBF1:REST	0.025816081	0.606698665
REST:EBF1	0.025816081	0.606698665
NFYB:NFATC1	0.025638692	0.609173794
NFATC1:NFYB	0.025638692	0.609173794
USF1:ZNF143	0.025566041	0.610188792
ZNF143:USF1	0.025566041	0.610188792
MEF2A:IKZF1	0.025529807	0.610695302
IKZF1:MEF2A	0.025529807	0.610695302
USF2:ZEB1	0.025390479	0.612644651
ZEB1:USF2	0.025390479	0.612644651
REST:NFIC	0.025263069	0.614429635
NFIC:REST	0.025263069	0.614429635
BATF:TCF3	0.025062972	0.617237553
TCF3:BATF	0.025062972	0.617237553
BHLHE40:REST	0.024809376	0.620804241
REST:BHLHE40	0.024809376	0.620804241
EGR1:YY1	0.024731284	0.621904359
YY1:EGR1	0.024731284	0.621904359
SPI1:TCF3	0.024659399	0.622917767
TCF3:SPI1	0.024659399	0.622917767
EBF1:SPI1	0.024487344	0.625346251
SPI1:EBF1	0.024487344	0.625346251
NFYB:USF1	0.02420598	0.629326325
USF1:NFYB	0.02420598	0.629326325
TCF12:SIN3A	0.023873195	0.634047645
SIN3A:TCF12	0.023873195	0.634047645
ZEB1:YY1	0.023544557	0.638724732
YY1:ZEB1	0.023544557	0.638724732
BCL3:ZEB1	0.023344871	0.641573644
ZEB1:BCL3	0.023344871	0.641573644
RELA:TCF3	0.023110684	0.644921486
TCF3:RELA	0.023110684	0.644921486
ZEB1:TCF3	0.022920273	0.64764882
TCF3:ZEB1	0.022920273	0.64764882
BHLHE40:NFIC	0.02107953	0.674253211
NFIC:BHLHE40	0.02107953	0.674253211
RELA:NFYB	0.020594484	0.681333433
NFYB:RELA	0.020594484	0.681333433
REST:TCF12	0.020379886	0.684474908
TCF12:REST	0.020379886	0.684474908
SIN3A:USF2	0.019919466	0.691233282
USF2:SIN3A	0.019919466	0.691233282
EGR1:ZEB1	0.018834833	0.707250651
ZEB1:EGR1	0.018834833	0.707250651
ELF1:ZNF143	0.018243504	0.716038354
ZNF143:ELF1	0.018243504	0.716038354
RELA:YY1	0.017923888	0.720803887
YY1:RELA	0.017923888	0.720803887
MAX:NFATC1	0.017361583	0.729214144
NFATC1:MAX	0.017361583	0.729214144
EBF1:NFYB	0.016743977	0.738489028
NFYB:EBF1	0.016743977	0.738489028
BATF:PAX5	0.016475633	0.74253081
PAX5:BATF	0.016475633	0.74253081
TCF12:NFYB	0.015947129	0.750511735
NFYB:TCF12	0.015947129	0.750511735
NFYB:TCF3	0.015769865	0.753194618
TCF3:NFYB	0.015769865	0.753194618
IKZF1:MXI1	0.013867365	0.782169711
MXI1:IKZF1	0.013867365	0.782169711
USF1:TCF3	0.013328921	0.79042715
TCF3:USF1	0.013328921	0.79042715
TCF12:NFATC1	0.012855341	0.797709325
NFATC1:TCF12	0.012855341	0.797709325
BCL3:NFYB	0.012806917	0.798454927
NFYB:BCL3	0.012806917	0.798454927
EGR1:NFATC1	0.012450197	0.803953121
NFATC1:EGR1	0.012450197	0.803953121
NFIC:NFATC1	0.012406006	0.804634925
NFATC1:NFIC	0.012406006	0.804634925
NFIC:SPI1	0.012404469	0.804658642
SPI1:NFIC	0.012404469	0.804658642
TCF3:YY1	0.012156316	0.808490067
YY1:TCF3	0.012156316	0.808490067
MXI1:NFYB	0.01139462	0.820278651
NFYB:MXI1	0.01139462	0.820278651
MAX:TCF3	0.011061901	0.825440972
TCF3:MAX	0.011061901	0.825440972
ELF1:EGR1	0.010901411	0.827933748
EGR1:ELF1	0.010901411	0.827933748
RUNX3:NFIC	0.010331933	0.836792881
NFIC:RUNX3	0.010331933	0.836792881
MAX:SPI1	0.010119321	0.840105755
SPI1:MAX	0.010119321	0.840105755
TCF3:ZNF143	0.009570924	0.848663639
ZNF143:TCF3	0.009570924	0.848663639
MEF2A:BHLHE40	0.009112605	0.855829537
BHLHE40:MEF2A	0.009112605	0.855829537
NFYB:SPI1	0.008499979	0.865426478
SPI1:NFYB	0.008499979	0.865426478
USF1:YY1	0.008124798	0.871313641
YY1:USF1	0.008124798	0.871313641
RELA:ZEB1	0.007709168	0.877843812
ZEB1:RELA	0.007709168	0.877843812
REST:NFATC1	0.007555492	0.880260424
NFATC1:REST	0.007555492	0.880260424
MEF2A:BATF	0.007195115	0.885931783
BATF:MEF2A	0.007195115	0.885931783
BATF:NFYB	0.006669816	0.894208935
NFYB:BATF	0.006669816	0.894208935
BHLHE40:SPI1	0.005590066	0.911257679
SPI1:BHLHE40	0.005590066	0.911257679
MEF2A:EBF1	0.00493206	0.921667799
EBF1:MEF2A	0.00493206	0.921667799
REST:USF2	0.00484903	0.92298238
USF2:REST	0.00484903	0.92298238
EGR1:NFIC	0.004734638	0.924793833
NFIC:EGR1	0.004734638	0.924793833
IKZF1:USF2	0.004692898	0.925454918
USF2:IKZF1	0.004692898	0.925454918
TCF12:TCF3	0.00430164	0.931654056
TCF3:TCF12	0.00430164	0.931654056
ELF1:RUNX3	0.004114756	0.934616554
RUNX3:ELF1	0.004114756	0.934616554
MEF2A:TCF12	0.002884909	0.954132773
TCF12:MEF2A	0.002884909	0.954132773
NFIC:YY1	0.002863031	0.954480241
YY1:NFIC	0.002863031	0.954480241
MEF2A:PAX5	0.002572891	0.959088967
PAX5:MEF2A	0.002572891	0.959088967
MAX:USF2	0.002115942	0.966350067
USF2:MAX	0.002115942	0.966350067
RUNX3:SIN3A	0.001855386	0.97049168
SIN3A:RUNX3	0.001855386	0.97049168
NFYB:USF2	0.001580751	0.974857955
USF2:NFYB	0.001580751	0.974857955
MEF2A:YY1	0.001553399	0.975292847
YY1:MEF2A	0.001553399	0.975292847
PAX5:TCF3	0.001229584	0.980442036
TCF3:PAX5	0.001229584	0.980442036
MEF2A:ZEB1	0.001198218	0.980940859
ZEB1:MEF2A	0.001198218	0.980940859
BATF:EBF1	-0.000171704	0.997268579
EBF1:BATF	-0.000171704	0.997268579
NFATC1:TCF3	-0.000264148	0.995798015
TCF3:NFATC1	-0.000264148	0.995798015
EGR1:RUNX3	-0.000453941	0.992778913
RUNX3:EGR1	-0.000453941	0.992778913
EBF1:TCF12	-0.001142369	0.981829039
TCF12:EBF1	-0.001142369	0.981829039
BATF:MXI1	-0.002776592	0.955853136
MXI1:BATF	-0.002776592	0.955853136
NFATC1:SPI1	-0.002973877	0.952719903
SPI1:NFATC1	-0.002973877	0.952719903
BATF:TCF12	-0.003186748	0.949339962
TCF12:BATF	-0.003186748	0.949339962
EBF1:USF1	-0.003386001	0.946177072
USF1:EBF1	-0.003386001	0.946177072
BATF:NFATC1	-0.003725463	0.940790501
NFATC1:BATF	-0.003725463	0.940790501
EBF1:PAX5	-0.004301737	0.931652519
PAX5:EBF1	-0.004301737	0.931652519
NFIC:PAX5	-0.004474862	0.928908968
PAX5:NFIC	-0.004474862	0.928908968
MEF2A:BCL3	-0.00490921	0.922029548
BCL3:MEF2A	-0.00490921	0.922029548
BHLHE40:NFATC1	-0.004983145	0.92085909
NFATC1:BHLHE40	-0.004983145	0.92085909
MEF2A:RELA	-0.005042677	0.919916773
RELA:MEF2A	-0.005042677	0.919916773
REST:ZNF143	-0.00550972	0.912528029
ZNF143:REST	-0.00550972	0.912528029
SPI1:ZEB1	-0.005988797	0.904956738
ZEB1:SPI1	-0.005988797	0.904956738
RUNX3:SPI1	-0.006038098	0.904178061
SPI1:RUNX3	-0.006038098	0.904178061
EGR1:USF1	-0.006262158	0.90064037
USF1:EGR1	-0.006262158	0.90064037
BCL3:TCF12	-0.006816998	0.891888578
TCF12:BCL3	-0.006816998	0.891888578
EBF1:TCF3	-0.007513741	0.88091717
TCF3:EBF1	-0.007513741	0.88091717
SIN3A:YY1	-0.007791593	0.876548121
YY1:SIN3A	-0.007791593	0.876548121
MEF2A:NFYB	-0.008240084	0.869503859
NFYB:MEF2A	-0.008240084	0.869503859
ELF1:RELA	-0.008720397	0.861971219
RELA:ELF1	-0.008720397	0.861971219
MXI1:REST	-0.008981308	0.8578846
REST:MXI1	-0.008981308	0.8578846
SIN3A:SPI1	-0.009111849	0.855841366
SPI1:SIN3A	-0.009111849	0.855841366
BCL3:NFATC1	-0.009143149	0.855351595
NFATC1:BCL3	-0.009143149	0.855351595
TCF12:ZEB1	-0.009397621	0.851371831
ZEB1:TCF12	-0.009397621	0.851371831
IKZF1:NFATC1	-0.009699136	0.846661216
NFATC1:IKZF1	-0.009699136	0.846661216
ELF1:TCF12	-0.010005263	0.841884134
TCF12:ELF1	-0.010005263	0.841884134
NFYB:ZNF143	-0.01002816	0.841527067
ZNF143:NFYB	-0.01002816	0.841527067
MAX:RUNX3	-0.010542749	0.833510835
RUNX3:MAX	-0.010542749	0.833510835
EGR1:PAX5	-0.011084283	0.825093456
PAX5:EGR1	-0.011084283	0.825093456
BCL3:BHLHE40	-0.011689869	0.815704192
BHLHE40:BCL3	-0.011689869	0.815704192
RUNX3:TCF3	-0.012088413	0.809539263
TCF3:RUNX3	-0.012088413	0.809539263
SIN3A:NFATC1	-0.012089548	0.809521722
NFATC1:SIN3A	-0.012089548	0.809521722
NFATC1:ZEB1	-0.012687627	0.800292477
ZEB1:NFATC1	-0.012687627	0.800292477
EBF1:YY1	-0.01313559	0.793397816
YY1:EBF1	-0.01313559	0.793397816
SIN3A:ZEB1	-0.013380047	0.789642072
ZEB1:SIN3A	-0.013380047	0.789642072
REST:SIN3A	-0.014285691	0.775771162
SIN3A:REST	-0.014285691	0.775771162
ELF1:NFIC	-0.01432516	0.775168228
NFIC:ELF1	-0.01432516	0.775168228
BCL3:ZNF143	-0.014711752	0.76926985
ZNF143:BCL3	-0.014711752	0.76926985
BCL3:SPI1	-0.014919063	0.766112265
SPI1:BCL3	-0.014919063	0.766112265
BHLHE40:EGR1	-0.016427644	0.743254365
EGR1:BHLHE40	-0.016427644	0.743254365
ELF1:MXI1	-0.016480246	0.742461271
MXI1:ELF1	-0.016480246	0.742461271
BHLHE40:MXI1	-0.016710482	0.738993133
MXI1:BHLHE40	-0.016710482	0.738993133
MEF2A:SPI1	-0.017370851	0.729075253
SPI1:MEF2A	-0.017370851	0.729075253
BHLHE40:RUNX3	-0.017704373	0.724083185
RUNX3:BHLHE40	-0.017704373	0.724083185
MEF2A:USF1	-0.018247996	0.715971459
USF1:MEF2A	-0.018247996	0.715971459
ZEB1:USF1	-0.0184638	0.712760095
USF1:ZEB1	-0.0184638	0.712760095
RUNX3:ZEB1	-0.018966675	0.705296595
ZEB1:RUNX3	-0.018966675	0.705296595
BATF:REST	-0.019837615	0.692437332
REST:BATF	-0.019837615	0.692437332
SPI1:USF2	-0.019918495	0.691247559
USF2:SPI1	-0.019918495	0.691247559
BCL3:RELA	-0.020165011	0.687625902
RELA:BCL3	-0.020165011	0.687625902
MXI1:RUNX3	-0.020802626	0.678291714
RUNX3:MXI1	-0.020802626	0.678291714
RELA:NFATC1	-0.020818002	0.678067208
NFATC1:RELA	-0.020818002	0.678067208
NFATC1:ZNF143	-0.02094889	0.676157373
ZNF143:NFATC1	-0.02094889	0.676157373
BATF:ELF1	-0.021382832	0.669840414
ELF1:BATF	-0.021382832	0.669840414
RUNX3:NFYB	-0.021510268	0.6679897
NFYB:RUNX3	-0.021510268	0.6679897
EBF1:MXI1	-0.021541919	0.667530344
MXI1:EBF1	-0.021541919	0.667530344
MAX:BHLHE40	-0.021792865	0.663892796
BHLHE40:MAX	-0.021792865	0.663892796
BCL3:PAX5	-0.021894957	0.662415195
PAX5:BCL3	-0.021894957	0.662415195
IKZF1:BATF	-0.021958671	0.661493697
BATF:IKZF1	-0.021958671	0.661493697
EBF1:ZNF143	-0.022472828	0.654076283
ZNF143:EBF1	-0.022472828	0.654076283
BATF:EGR1	-0.023511039	0.639202572
EGR1:BATF	-0.023511039	0.639202572
SIN3A:TCF3	-0.02374199	0.635913183
TCF3:SIN3A	-0.02374199	0.635913183
ELF1:YY1	-0.025472022	0.611503442
YY1:ELF1	-0.025472022	0.611503442
RUNX3:USF2	-0.025554421	0.610351217
USF2:RUNX3	-0.025554421	0.610351217
REST:USF1	-0.026858216	0.592248935
USF1:REST	-0.026858216	0.592248935
MXI1:ZEB1	-0.028066795	0.575691268
ZEB1:MXI1	-0.028066795	0.575691268
SPI1:YY1	-0.028235988	0.573390796
YY1:SPI1	-0.028235988	0.573390796
IKZF1:ZNF143	-0.028957518	0.563629415
ZNF143:IKZF1	-0.028957518	0.563629415
BHLHE40:TCF3	-0.029958239	0.550224465
TCF3:BHLHE40	-0.029958239	0.550224465
PAX5:ZNF143	-0.030356078	0.544939096
ZNF143:PAX5	-0.030356078	0.544939096
REST:RUNX3	-0.030400202	0.544354447
RUNX3:REST	-0.030400202	0.544354447
MXI1:RELA	-0.030444873	0.543762872
RELA:MXI1	-0.030444873	0.543762872
EGR1:ZNF143	-0.030559908	0.542240943
ZNF143:EGR1	-0.030559908	0.542240943
BHLHE40:YY1	-0.030957137	0.537001845
YY1:BHLHE40	-0.030957137	0.537001845
MEF2A:REST	-0.031436	0.53071995
REST:MEF2A	-0.031436	0.53071995
MAX:MXI1	-0.031548064	0.52925524
MXI1:MAX	-0.031548064	0.52925524
MEF2A:RUNX3	-0.031688932	0.52741696
RUNX3:MEF2A	-0.031688932	0.52741696
MEF2A:NFATC1	-0.032191777	0.52088158
NFATC1:MEF2A	-0.032191777	0.52088158
REST:SPI1	-0.032271343	0.519851293
SPI1:REST	-0.032271343	0.519851293
EGR1:TCF3	-0.03259062	0.515727607
TCF3:EGR1	-0.03259062	0.515727607
EBF1:NFIC	-0.032927766	0.511391552
NFIC:EBF1	-0.032927766	0.511391552
NFYB:PAX5	-0.033211905	0.507751994
PAX5:NFYB	-0.033211905	0.507751994
NFATC1:YY1	-0.033343294	0.506073617
YY1:NFATC1	-0.033343294	0.506073617
REST:ZEB1	-0.033761736	0.500747841
ZEB1:REST	-0.033761736	0.500747841
IKZF1:NFIC	-0.033774407	0.500587023
NFIC:IKZF1	-0.033774407	0.500587023
BHLHE40:TCF12	-0.03427336	0.494276511
TCF12:BHLHE40	-0.03427336	0.494276511
BATF:SPI1	-0.034458183	0.491949757
SPI1:BATF	-0.034458183	0.491949757
EBF1:MAX	-0.035746332	0.475897028
MAX:EBF1	-0.035746332	0.475897028
ELF1:MAX	-0.036310256	0.468960582
MAX:ELF1	-0.036310256	0.468960582
PAX5:YY1	-0.037479308	0.454760001
YY1:PAX5	-0.037479308	0.454760001
REST:NFYB	-0.037487384	0.454662741
NFYB:REST	-0.037487384	0.454662741
MAX:NFIC	-0.038013301	0.448354708
NFIC:MAX	-0.038013301	0.448354708
NFYB:ZEB1	-0.038281401	0.445158179
ZEB1:NFYB	-0.038281401	0.445158179
BCL3:MXI1	-0.038866086	0.438232105
MXI1:BCL3	-0.038866086	0.438232105
BATF:ZNF143	-0.039283786	0.433322152
ZNF143:BATF	-0.039283786	0.433322152
BHLHE40:USF1	-0.039305715	0.433065263
USF1:BHLHE40	-0.039305715	0.433065263
IKZF1:NFYB	-0.039494602	0.430856141
NFYB:IKZF1	-0.039494602	0.430856141
TCF12:ZNF143	-0.040120224	0.423585901
ZNF143:TCF12	-0.040120224	0.423585901
RELA:SIN3A	-0.040246167	0.42213104
SIN3A:RELA	-0.040246167	0.42213104
BHLHE40:USF2	-0.041123306	0.412079736
USF2:BHLHE40	-0.041123306	0.412079736
PAX5:SPI1	-0.041148478	0.411793393
SPI1:PAX5	-0.041148478	0.411793393
EGR1:REST	-0.041455635	0.408308761
REST:EGR1	-0.041455635	0.408308761
REST:PAX5	-0.042416663	0.397519704
PAX5:REST	-0.042416663	0.397519704
MXI1:SPI1	-0.042689034	0.394493338
SPI1:MXI1	-0.042689034	0.394493338
SIN3A:NFYB	-0.042854303	0.392663785
NFYB:SIN3A	-0.042854303	0.392663785
MXI1:TCF3	-0.043012771	0.390914345
TCF3:MXI1	-0.043012771	0.390914345
IKZF1:REST	-0.043121347	0.389718423
REST:IKZF1	-0.043121347	0.389718423
BATF:NFIC	-0.043516297	0.385386947
NFIC:BATF	-0.043516297	0.385386947
MAX:EGR1	-0.04391929	0.380997591
EGR1:MAX	-0.04391929	0.380997591
BATF:BHLHE40	-0.04459199	0.373739087
BHLHE40:BATF	-0.04459199	0.373739087
BATF:SIN3A	-0.044670277	0.372899939
SIN3A:BATF	-0.044670277	0.372899939
ELF1:NFATC1	-0.045530181	0.363759381
NFATC1:ELF1	-0.045530181	0.363759381
MXI1:EGR1	-0.045854673	0.360346715
EGR1:MXI1	-0.045854673	0.360346715
MXI1:SIN3A	-0.045894807	0.35992602
SIN3A:MXI1	-0.045894807	0.35992602
USF2:ZNF143	-0.04604574	0.358346662
ZNF143:USF2	-0.04604574	0.358346662
IKZF1:BCL3	-0.046323034	0.355456409
BCL3:IKZF1	-0.046323034	0.355456409
ELF1:SPI1	-0.047823667	0.340070472
SPI1:ELF1	-0.047823667	0.340070472
EGR1:RELA	-0.048405912	0.334217005
RELA:EGR1	-0.048405912	0.334217005
IKZF1:ZEB1	-0.048955652	0.328750082
ZEB1:IKZF1	-0.048955652	0.328750082
NFIC:TCF3	-0.04911323	0.327193756
TCF3:NFIC	-0.04911323	0.327193756
IKZF1:TCF12	-0.049429157	0.324087852
TCF12:IKZF1	-0.049429157	0.324087852
ELF1:USF2	-0.049733892	0.321110173
USF2:ELF1	-0.049733892	0.321110173
EBF1:NFATC1	-0.050028105	0.318252248
NFATC1:EBF1	-0.050028105	0.318252248
RUNX3:YY1	-0.051642886	0.302863082
YY1:RUNX3	-0.051642886	0.302863082
IKZF1:USF1	-0.05248729	0.295015384
USF1:IKZF1	-0.05248729	0.295015384
NFYB:YY1	-0.053327924	0.287338704
YY1:NFYB	-0.053327924	0.287338704
SIN3A:USF1	-0.053328684	0.28733182
USF1:SIN3A	-0.053328684	0.28733182
BHLHE40:SIN3A	-0.053507927	0.285712531
SIN3A:BHLHE40	-0.053507927	0.285712531
BCL3:EGR1	-0.054019754	0.281122527
EGR1:BCL3	-0.054019754	0.281122527
ELF1:USF1	-0.05408595	0.280532546
USF1:ELF1	-0.05408595	0.280532546
MAX:USF1	-0.054579429	0.276160801
USF1:MAX	-0.054579429	0.276160801
BCL3:REST	-0.055014154	0.272348092
REST:BCL3	-0.055014154	0.272348092
MEF2A:ELF1	-0.055172348	0.270969619
ELF1:MEF2A	-0.055172348	0.270969619
MEF2A:ZNF143	-0.055239998	0.270381591
ZNF143:MEF2A	-0.055239998	0.270381591
RELA:SPI1	-0.055250988	0.270286146
SPI1:RELA	-0.055250988	0.270286146
EGR1:TCF12	-0.056174013	0.262351911
TCF12:EGR1	-0.056174013	0.262351911
REST:RELA	-0.059533639	0.234833203
RELA:REST	-0.059533639	0.234833203
MXI1:YY1	-0.059780913	0.232891416
YY1:MXI1	-0.059780913	0.232891416
USF2:TCF3	-0.060139772	0.230093591
TCF3:USF2	-0.060139772	0.230093591
BHLHE40:PAX5	-0.06143569	0.220188549
PAX5:BHLHE40	-0.06143569	0.220188549
BCL3:ELF1	-0.062926212	0.209177406
ELF1:BCL3	-0.062926212	0.209177406
BCL3:NFIC	-0.063203926	0.207170517
NFIC:BCL3	-0.063203926	0.207170517
BCL3:USF1	-0.063442826	0.205455278
USF1:BCL3	-0.063442826	0.205455278
IKZF1:YY1	-0.063835226	0.202660309
YY1:IKZF1	-0.063835226	0.202660309
IKZF1:MAX	-0.063837131	0.202646808
MAX:IKZF1	-0.063837131	0.202646808
SIN3A:NFIC	-0.064501784	0.197976016
NFIC:SIN3A	-0.064501784	0.197976016
IKZF1:RUNX3	-0.065180247	0.193289596
RUNX3:IKZF1	-0.065180247	0.193289596
IKZF1:SPI1	-0.066851437	0.182093244
SPI1:IKZF1	-0.066851437	0.182093244
NFATC1:USF2	-0.067639425	0.176983412
USF2:NFATC1	-0.067639425	0.176983412
BATF:USF1	-0.068262049	0.173021783
USF1:BATF	-0.068262049	0.173021783
IKZF1:BHLHE40	-0.068663398	0.170503321
BHLHE40:IKZF1	-0.068663398	0.170503321
MAX:NFYB	-0.069333284	0.166360893
NFYB:MAX	-0.069333284	0.166360893
BHLHE40:ZNF143	-0.070150636	0.161409242
ZNF143:BHLHE40	-0.070150636	0.161409242
EBF1:BHLHE40	-0.071807349	0.151713965
BHLHE40:EBF1	-0.071807349	0.151713965
TCF12:PAX5	-0.072283966	0.149008272
PAX5:TCF12	-0.072283966	0.149008272
SPI1:USF1	-0.07335708	0.143050846
USF1:SPI1	-0.07335708	0.143050846
IKZF1:RELA	-0.073517275	0.142177362
RELA:IKZF1	-0.073517275	0.142177362
BHLHE40:ZEB1	-0.075108514	0.133721141
ZEB1:BHLHE40	-0.075108514	0.133721141
MAX:SIN3A	-0.075444077	0.131988406
SIN3A:MAX	-0.075444077	0.131988406
EGR1:SPI1	-0.075534642	0.131523738
SPI1:EGR1	-0.075534642	0.131523738
MEF2A:TCF3	-0.075882026	0.129753115
TCF3:MEF2A	-0.075882026	0.129753115
MXI1:USF2	-0.079115269	0.114145639
USF2:MXI1	-0.079115269	0.114145639
RUNX3:ZNF143	-0.080768448	0.106755421
ZNF143:RUNX3	-0.080768448	0.106755421
EBF1:RUNX3	-0.081432368	0.103895992
RUNX3:EBF1	-0.081432368	0.103895992
TCF12:RUNX3	-0.083946295	0.093614424
RUNX3:TCF12	-0.083946295	0.093614424
MEF2A:MXI1	-0.086700003	0.083302792
MXI1:MEF2A	-0.086700003	0.083302792
IKZF1:ELF1	-0.089996781	0.072184503
ELF1:IKZF1	-0.089996781	0.072184503
BCL3:USF2	-0.090434876	0.070802686
USF2:BCL3	-0.090434876	0.070802686
ELF1:PAX5	-0.093828766	0.060814664
PAX5:ELF1	-0.093828766	0.060814664
EBF1:USF2	-0.094552615	0.058842398
USF2:EBF1	-0.094552615	0.058842398
EBF1:RELA	-0.123987678	0.013080297
RELA:EBF1	-0.123987678	0.013080297